20231003_ASSUREDEFI_Bionic_BIONIC_Audit.pdf	5496665
2024_OMIRATOKEN_AUDIT_Certificate_12_03_2024.png	712413
ARCANE_ERC20 token_01_22_2024.png	225538
AURA_ST_08_01_26.png	731783
AURK_ADV_1_12_26.png	713040
Addon Ai Audit Certificate.png	684887
AssureDeFi_AuditCertificate_HUND_06_11_2024.png	154767
AssureDeFi_Audit_Certificate_Aeon_06_27_2024.png	83122
AssureDeFi_Audit_Certificate_Jeje_06_24_2024.png	80504
Audit Certificate.png	154767
Audit_Certificate_Nodez_09_26_2024.png	80741
BINK_TOKEN_04_09_25.png	699493
BLOCKBETS_TOKEN_04_05_24.png	200710
BORNHUB_TOKEN_04_12_24.png	179314
Bionic Protocol_ERC 20 Token_10_03_2023.png	268964
BlindFaith_ADV_08_12_25.png	724331
Blink Galaxy_ADV_12_6_25.png	704088
Block Social Network_TOKEN_09_20_24.png	773313
BlockXpress_ ERC 20 token_11_03_2023.png	223737
Block_Social_Network_Audit_Certificate_09_20_2024.png	96588
BloxSIM_ADV_10_08_24.png	757460
CATE_ADV_09_18_24.png	884557
CELLEX_ADV_06_13_25.png	707749
CHAIN BASED_ADV_12_02_24.png	705490
CLOAK_ADV_06_16_25.png	723206
CONAN_TOKEN_03_29_24.png	201691
CRAFTEOAI_TOKEN_01_30_24.png	190682
CYBONK_TOKEN_03_05_24.png	228738
CatDUCK_SOL_09_06_24.png	742993
CoinCreate_BTOKEN_11_04_24.png	710453
CoinCreate_STAKENFT_11_04_24.png	710673
CoinCreate_STOKEN_11_04_24.png	710426
CoinCreate_VESTING_11_04_24.png	711311
CryptoCoin_ADV_01_24_24.png	800383
DESTRA_TOKEN_03_28_24.png	185333
DEVOUR_ADV_05_16_24.png	205297
DROPS_TOKEN_04_03_24.png	188985
DRVN LABO_ADV_07_09_25.png	800430
DRVN LABO_ADV_08_06_25.png	809465
DecenterAI_ST_05_14_25.png	749853
Defi-One-VAC_ERC 20 Token_10_10_2023.png	219335
EchoMetrix_ADV_06_28_25.png	742187
Embark Finance_ERC 20 Token_10_31_2023.png	198064
FLOORISLAVA_ADV_1_23_26.png	727340
FRAKTIA_ADV_06_18_25.png	744013
GEMPAD_LOCKER_12_27_24.png	709932
GRADIENT_MM_09_22_25.png	712668
GROKCAT_TOKEN_04_11_24.png	200241
GUARDIAN_ADV_05_30_24.png	190225
GeneAlphaAI_ADV_07_23_25.png	685141
Gradient_ADV_06_05_25.png	713811
Gradient_OrderBook_ADV_06_12_25.png	717332
GrokGrow_BSC_ERC 20 Token_12_18_23.png	240670
GrokGrow_ERC 20 Token_12_06_2023.png	236967
GrokGrow_ERC 20 Token_12_06_23.png	237179
IMAGINE_ST_07_30_25.png	697812
IOTAI_ADV_07_25_25.png	817448
IronClad Security_ST_04_21_26.png	704968
JOI AI_ERC 20 Token_12_6_23.png	249946
KIMBERLITE_ST_10_26_25.png	703831
Kenny_ERC 20 Token_7_28_2023.png	333222
LADA_TOKEN_02_20_24.png	187740
LAN Network_ERC 20 Token_09_03_2023.png	238981
LOOP_SOL_10_13_25.png	776522
Lynx Tech_ERC 20 Token_9_27_2023.png	265261
MAO_TOKEN_1_15_24.png	214155
MEME Alliance_SOL_09_09_24.pdf	2130443
MEMELORDZ_BASE_BSC_10_22_24.png	788218
MENTAL_SOL_09_16_25.png	796340
METABRAWL_ADV_01_26_24.png	827903
MEVDAO_ERC 20 Token_09_06_2023.png	194683
MLMX_ST_07_24_25.png	691548
MODUS_MAIN_04_05_24.png	184076
MOON INU_ERC 20 Token_08_30_2023.png	240818
MQSALA_ADV_07_04_25.jpeg	132018
MUGA_SOL_10_30_25.png.png	776027
MUNCH_TOKEN_07_26_24.png	89484
Manacoin_ERC 20 Token_09_20_2023.png	197990
Meme Alliance_ ERC 20 token_11_20_2023.png	194268
Meme Stars_ ERC 20 token_11_10_2023.png	258697
Milestone Millions_ERC 20 Token_09_13_2023.png	208559
Moonreum_ERC 20 Token_10_10_2023.png	222249
MrLightSpeedCoin_ST_11_13_25.png	755081
NOREXA_ADV_07_24_25.png	732865
NOVA BUILDERS_ADV_08_21_25.png	721963
NovaQ_ADV_05_24_25.png	692094
ONCHAIN BATTLES_ADV_07_31_25.png	767010
ONLYPUMP_ADV_08_05_25.png	684933
OPAL_ADV_10_06_25.png	760441
OPTIMUS POOL MANAGER_ERC20_01_25_2024.png	240127
OPTIMUS_ERC20_01_25_2024.png	237300
OcNest_ADV_02_06_24.png	706608
OnlyPump_Fee Manager_10_25_25.png	682165
OpTradeAi_ADV_03_04_25.png	697366
PALLADIUM_ADV_06_16_26.png	643194
PALLADIUM_ADV_06_22_26.png	642444
PAYDAX_ST_09_19_25.png	696155
PIPE GDAO_ST_12_13_25.png	712407
PLUTO_TOKEN_12_02_24.png	703647
PRIVIX_L1_07_19_25.png	684818
PROFIT-IQ_Advanced_04_17_24.png	203957
PROPHETBOTS_ROUTER_01_19_24.png	201244
PepeArab_ADV_01_24_24.png	751578
Polfex_ERC 20 Token_08_26_2023.png	235913
RAYLINE_ST_04_05_26.png	664904
REBIRTH_ERC 20 Token_10_20_2023.png	191481
RIFTS_ADV_11_20_25.png	692783
RIFTS_DAPP_ADV_1_5_26.png	687798
RIFTS_PROTOCOL_ADV_1_6_26.png	691137
ROAI_STAKING_06_25_25.png	689401
ROLLBACK_WALLET_08_26_25.png	682657
Robinhood_ERC 20 Token_10_13_2023.png	296410
SAFESUN_ADV_08_23_24.png	762889
SHILLD_ERC 20 Token_8_30_2023.png	255788
SILENSIO_ADV_06_26_25.png	696892
SNOOPY_ERC 20 Token_08_02_2023.png	199148
SPARK_FACTORY_02_27_25.png	727477
SPINLAUNCH_TOKEN_SOL_08_02_24.png	82846
SRS-Turbo_ERC 20 Token_9_25_2023.png	238965
Shibillionaire_SOL_04_20_25.png	838330
Superman Coin_ERC 20 Token_10_13_2023.png	324224
SyntorAI_ADV_06_12_25.png	751221
TAINET_ADV_11_04_24.png	687994
TIPCRYP_ADV_06_13_26.png	757173
Tethereum_ERC 20 Token_09_03_2023.png	221999
Trumpius Maximus_ADV_01_19_24.png	844628
Uncle Don_SOL_10_31_24.png	782591
VENKO_ADV_10_14_24.png	861933
VITALIKMUMDOGE_ERC 20 Token_02_13_2024.png	252585
VOLTAIC_ADV_12_29_25.png	765391
ViFoxCoin_ST_11_24_25.png	714262
VirtueFinance_ADV_07_05_25.png	698526
World Compute Network_TOKEN_11_01_24.png	718742
YIELDRONE_ERC 20 Token_02_14_2024.png	210041
Zero Knowledge Network_ERC 20 Token_08_07_2023.png	193924
