 Beezle AI KYC Certificate.png	929954
 Whispers of Decay KYC Certificate.png	954110
0xCasino KYC Certificate.png	351762
0xETH DAO KYC Certificate.png	549502
0xHuntBot KYC Certificate.png	863890
0xLotto KYC Certificate.png	747627
0xwealth KYC Certificate.png	898219
6ENSE KYC Certificate.png	924164
888BITS KYC Certificate.png	915799
9 Lives KYC Certificate.png	349674
A girl and a doodle KYC Certificate.png	934010
AI PEPE, CEO KYC Certificate.png	758874
AIBotBuilder KYC Certificate.png	739565
AISatoshi KYC Certificate.png	760864
AITAX KYC Certificate.png	544561
ANYDEX KYC Certificate.png	547325
APE on Bitrock KYC Certificate.png	512424
ARCHIVE - KYC Certificate.png	220001
Aeon-X KYC Certificate.png	453622
Aeterna KYC Certificate.png	760791
Agentify KYC Certificate.png	908782
Agritech KYC Certificate.png	350002
Alpha City KYC Certificate.png	736235
Altcoinist KYC Certificate.png	552748
Alto KYC Certificate.png	902319
Ample KYC Certificate.png	935077
Annoying Orange SOL KYC Certificate.png	935205
ArchieNeko KYC Certificate.png	352209
Artify KYC Certificate.png	347600
Asian Pepe KYC Certificate.png	745441
Astra Ai KYC Certificate.png	930179
Athena AI KYC Certificate.png	949662
Atlantis DAO KYC Certificate.png	760358
Atlas Rewards KYC Certificate.png	754536
Automatix KYC Certificate.png	912978
AutonNET KYC Certificate.png	548094
AxisLink KYC Certificate.png	930093
Axoria KYC Certificate.png	928114
BABYIRBIS KYC Certificate.png	550754
BAMS KYC Certificate.png	751045
BIGGIE KYC Certificate.png	903184
BINK KYC Certificate.png	931018
BONGO KYC Certificate.png	549973
Baby Grok KYC Certificate.png	755798
Baby Neiro KYC Certificate.png	929909
BadSammy KYC Certificate.png	930559
Bag Token KYC Certificate.png	731054
Bandzai KYC Certificate.png	749166
Barbie KYC Certificate.png	355989
Barium Network KYC Certificate.png	747334
Based Peaches KYC Certificate.png	554954
BeanEco SmartChain KYC Certificate.png	763488
Beat Matchmaker KYC Certificate.png	932243
BeeCasino KYC Certificate.png	556595
Belly KYC Certificate.png	544009
BiorBank KYC Certificate.png	927706
BitDegree KYC Certificate 1.png	737035
BitDog KYC Certificate.png	927664
BitEstate KYC Certificate.png	548781
BitStubs KYC Certificate.png	758159
Bitfinder KYC Certificate.png	356341
Bitrock KYC Certificate.png	358788
Bitrock Wallet KYC Certificate.png	1108933
Black AI Coaching KYC Certificate.png	894931
BlastOff KYC Certificate.png	863106
BlastUP KYC Certificate.png	547042
Blind Faith KYC Certificate.png	935128
Blink Galaxy Blockchain KYC Certificate.png	908714
BlockBets Casino KYC Certificate.png	552918
BlockBiz KYC Certificate.png	747304
Blockchain Bets KYC Certificate.png	359287
Blockchain Buddies KYC Certificate.png	355375
Blockchain Web Services KYC Certificate.png	933870
Blockgram KYC Certificate new.png	892629
Blocklance KYC Certificate.png	220168
Blokpax KYC Certificate.png	929431
BloodLoop KYC Certificate.png	730278
Blox Estate KYC Certificate.png	749923
Blue Pepe KYC Certificate.png	753302
BlueList KYC Certificate.png	549032
BonsaiSwap KYC Certificate.png	767354
Boom KYC Certificate.png	355583
Bornhub KYC Certificate.png	545184
Brick by Brick KYC Certificate.png	753046
Brockliens KYC Certificate.png	549903
Bublio KYC Certificate.png	899942
BuildAI KYC Certificate.png	287428
Buildex Finance KYC Certificate.png	928530
Bulla.fun KYC Certificate.png	447973
BurnSwap KYC Certificate.png	350936
CBETWORLD KYC Certificate.png	758512
CFGI KYC Certificate New.png	926138
CHIBA NEKO KYC Certificate.png	749383
CIFI KYC Certificate.png	537522
COLD KYC Certificate.png	348083
CPA KYC Certificate.png	901115
CRAZE KYC Certificate.png	927458
CRYPAD KYC Certificate.png	758816
CYBRO KYC Certificate.png	551483
CZ Terminator KYC Certificate.png	740381
Cash Cow KYC Certificate.png	766374
Cat Wif Guitar KYC Certificate.png	551500
Celeb Check KYC Certificate.png	758185
ChainSwap KYC Certificate.png	553087
Chainbased KYC Certificate.png	933577
ChappyGPT KYC Certificate.png	746236
CheB KYC Certificate.png	511084
ChewySwap KYC Certificate.png	751734
Chips Protocol KYC Certificate.png	942233
Chirpley KYC Certificate.png	549806
Chooky KYC Certificate.png	748376
Chunkies Gaming : $Bloxbot KYC Certificate.png	899598
Clicks Platform KYC Certificate.png	762400
Clober KYC Certificate.png	903853
CloneX KYC Certificate.png	930949
Coif.Capital KYC Certificate.png	746377
CoinCreate KYC Certificate.png	933761
CoinMerge KYC Certificate.png	352559
Collective Finance KYC Certificate.png	356239
Compute Credits KYC Certificate.png	930377
Cool Monkeys KYC Certificate.png	352431
Coopy KYC Certificate.png	550669
Coorest KYC Certificate.png	759259
Cradle of Sins KYC Certificate.png	359958
Crafteo AI KYC Certificate.png	553991
Create AI KYC Certificate.png	941085
CreateAI KYC Certificate.png	941385
Cribble KYC Certificate.png	928416
Crosterix KYC Certificate.png	911401
Crypter Token KYC Certificate.png	351982
CryptiQ WEB3 Ecosystem KYC Certificate.png	753012
Cryptify KYC Certificate.png	916487
Crypto Delivery KYC Certificate.png	558113
Crypto Hub KYC Certificate.png	357364
CryptoCoin KYC Certificate.png	936074
CryptoFixe KYC Certificate.png	352324
CryptoGPT KYC Certificate.png	1101326
CyberShield KYC Certificate.png	555314
Cygnus Network KYC Certificate.png	555961
DAIS KYC Certificate.png	751095
DATANOMIKA KYC Certificate.png	357304
DAWKOINS KYC Certificate.png	555141
DOUG KYC Certificate.png	904623
DRAFT KYC Certificate.png	924974
DRVN Labo KYC Certificate.png	930840
DSQ Solutions KYC Certificate.png	554616
DUMBASS UNCHAINED KYC Certificate.png	550220
Darkveil KYC Certificate.png	903260
DeCenter AI KYC Certificate.png	889180
DeFi Dev Corp KYC Certificate.png	892884
DeFi One KYC Certificate.png	729067
Decentify KYC Certificate.png	741353
DeltaEngine KYC Certificate.png	902522
Depot App KYC Certificate.png	908982
Despoke KYC Certificate.png	933000
Destra Network KYC Certificate.png	450963
Devhub Project KYC Certificate.png	913459
Devour KYC Certificate.png	947445
Doge 2.0 KYC Certificate.png	749178
DogeShibaFlokiKabosuBoneElonMars69Inu KYC Certificate.png	789616
Dogscoin KYC Certificate.png	555964
DollarChain KYC Certificate.png	760145
DollarSqueeze KYC Certificate.png	763762
Dominion KYC Certificate.png	894968
Dongo.ai KYC Certificate.png	550055
DonutSwap KYC Certificate.png	513251
DunaldPump KYC Certificate.png	547400
DungeonDefenders KYC Certificate.png	455051
Dyadnum KYC Certificate.png	905960
EDrive Token KYC Certificate.png	745932
EVA Intelligence KYC Certificate.png	951061
EarthMeta KYC Certificate.png	509209
EchoMetrix KYC Certificate.png	925205
Ecotrader KYC Certificate.png	928222
Edge KYC Certificate.png	947870
EdgeOnChain KYC Certificate.png	907453
Elontix KYC Certificate.png	737818
Embark Finance KYC Certificate.png	356245
Emerald KYC Certificate.png	544113
Emojinu KYC Certificate 1.png	744116
Enigma KYC Certificate.png	349514
Enoch KYC Certificate.png	741832
Ethane KYC Certificate.png	750863
Evolia Protocol KYC Certificate.png	769866
Exzo Network KYC Certificate.png	751251
FERRARI KYC Certificate.png	445066
FLUUS KYC Certificate.png	347849
FREE ROSS KYC Certificate.png	218868
FUTURE KYC CERT.png	734707
FX1 KYC Certificate.png	346895
Family KYC Certificate.png	934318
FanX Protocol KYC Certificate.png	925165
FatBoy KYC Certificate.png	349510
FindLands KYC Certificate.png	451457
FintyHub Token KYC Certificate.png	731456
First Crypto Bank KYC Certificate.png	867494
Flamer Life AI KYC Certificate.png	351628
Fleximine KYC Certificate.png	729451
Flo KYC Certificate.png	920813
FluffCoin KYC Certificate.png	450236
Fort Block Games KYC Certificate.png	732571
Freedom Global Token 1.0 KYC Certificate.png	731532
FrenAI KYC Certificate.png	923993
Friends with Benefits KYC Certificate.png	348715
FusionX Finance KYC Certificate.png	757698
Futurum Gaming KYC Certificate.png	862755
G Revolution by Good Empire KYC Certificate.png	778452
GMBot KYC Certificate.png	730531
GOOD Marketplace KYC Certificate.png	349569
GROX KYC Certificate.png	907480
Galaxy KYC Certificate.png	514018
Gamety KYC Certificate.png	931902
Gateway2Fortune KYC Certificate.png	931329
Genesis KYC Certificate.png	906175
Gigantix Wallet KYC Certificate.png	738237
Global Market Token KYC Certificate.png	363753
Glory Finance KYC Certificate.png	352692
Goldbit Casino KYC Certificate.png	352692
Golden Inu KYC Certificate.png	350391
Gradient KYC Certificate.png	925911
Gray Market KYC Certificate.png	744786
Grok Cat KYC Certificate.png	549239
GrokGrow KYC Certificate.png	737935
Gx3.Ai KYC Certificate.png	927350
HASH AI KYC Certificate.png	542669
HE-MAN KYC Certificate.png	742986
HOICHI KYC Certificate.png	543786
HUND KYC Certificate.png	448180
HYPR KYC Certificate.png	901300
Habibi KYC Certificate.png	354211
Hash AI KYC Certificate.png	747412
Hash Rush KYC Certificate.png	510026
Hashlite Chain KYC Certificate.png	747888
Hedge Reward Ecosystem KYC Certificate.png	560369
HedgeFi KYC Certificate.png	927442
Hitmakr KYC Certificate.png	731391
Horsecrypto KYC Certificate.png	747797
Hushr KYC Certificate.png	919596
Hyperpool KYC Certificate.png	928943
I WANT MY ROI KYC Certificate.png	750168
ICB Network KYC Certificate.png	553455
IRIS KYC Certificate.png	880703
IRONCLAD SECURITY KYC Certificate.png	889900
IgnitePad KYC Certificate.png	748902
Illusionarium KYC Certificate.png	745766
Infinaeon KYC Certificate.png	223000
Infinia AI KYC Certificate.png	927822
InfluenceHer KYC Certificate.png	920174
InfraX NFT V2.0 KYC Certificate.png	546033
Innovia Trust KYC Certificate.png	547541
InvestFi KYC Certificate.png	548198
JOK AI LABS KYC Certificate.png	748972
Jammas Arcade KYC Certificate.png	552747
Joi AI KYC Certificate.png	732419
Judgement KYC Certificate.png	953420
KAP Games KYC Certificate.png	552796
KARINA KYC Certificate.png	449169
KEI Finance KYC Certificate.png	347945
KEYS KYC Certificate.png	932833
KRAET KYC Certificate.png	446242
Karen PEPE KYC Certificate.png	745319
Keelpin Token KYC Certificate.png	905741
KeySea KYC Certificate.png	357391
KimberLite Token KYC Certificate.png	352559
King Bean KYC Certificate.png	760282
King Finance KYC Certificate.png	351808
Kiss & Kitties KYC Certificate.png	739816
Kiwi Swap KYC Certificate.png	929666
Kolytics KYC Certificate.png	220727
Kronos Bot KYC Certificate.png	927440
Kudoe KYC Certificate.png	349341
Kuku World KYC Certificate.png	752517
LADA KYC Certificate.png	547361
LAN Network KYC Certificate.png	766175
Lampapuy DAO KYC Certificate.png	556255
Lava Ai KYC Certificate.png	906846
Legal X KYC Certificate.png	927517
Lens Ai KYC Certificate.gif	925229
Leprechaun Run KYC Certificate.png	549518
Liltay Token KYC Certificate.png	741935
Linda CEO KYC Certificate.png	759050
LiquiHub KYC Certificate.png	904531
Liquid AI KYC Certificate.png	455334
Liquid Protocol KYC Certificate.png	361196
Loop - KYC Certificate.png	218521
Loteraa KYC Certificate.png	906472
Lumin Finance KYC Certificate 1.png	734587
Lynaro KYC Certificate.png	357479
Lynx Tech KYC Certificate.png	349777
Lysin Finance KYC Certificate.png	755020
MAIV KYC Certificate.png	544536
MARS KYC Certificate.png	949166
ME3 KYC Certificate.png	1090441
METCHAIN KYC Certificate.png	350274
MFSMAI KYC Certificate.png	630637
MLMX KYC Certificate.png	219272
MODUS KYC Certificate.png	551083
MUGA KYC Certificate.png	901652
MYTH KYC Certificate.png	543291
Macro Browser KYC Certificate.png	929641
Mage Labs KYC Certificate.png	552587
Magenta KYC Certificate.png	930060
MagicFox KYC Certificate.png	350588
Mao Coin KYC Certificate.png	733525
Mario Burn Bros KYC Certificate.png	550045
Market Stalkers KYC Certificate.png	922661
Matrix KYC Certificate.png	349624
Maxi Barsik KYC Certificate.png	550596
Me Protocol KYC Certificate.png	926338
Meal Buddy KYC Certificate.png	731493
Meme Alliance KYC Certificate.png	727739
Meme Casino KYC Certificate.png	348759
Meme Fighter KYC Certificate.png	730603
Meme Heroes KYC Certificate.png	736504
Meme Lordz KYC Certificate.png	929318
Meme Racers KYC Certificate.png	351248
Meme Soccer Goal KYC Certificate.png	934751
MemeLordz KYC Certificate.png	925895
MemeMaker KYC Certificate.png	746300
MemeStars KYC Certificate.png	746313
Memecubator KYC Certificate.png	744492
Mental KYC Certificate.png	219101
MerchMinter KYC Certificate.png	924941
MetaBotAI KYC Certificate.png	732416
MetaReset KYC Certificate.png	453804
Metabrawl KYC Certificate.png	931988
Metadapp KYC Certificate.png	554092
Metahorse Unity KYC Certificate.png	556869
MevX KYC Certificate.png	452891
Miau KYC Certificate.png	902014
MicroGPT KYC Certificate.png	452788
Milestone Millions KYC Certificate.png	355085
Miraverse KYC Certificate.png	749383
Mona Token KYC Certificate.png	749047
Monad Pad KYC Certificate.png	550858
MonadStarter KYC Certificate1.png	452860
Monie Bot KYC Certificate.png	728031
Monolitify KYC Certificate.png	733391
Monsta Corp KYC Certificate.png	933269
Moon Inu KYC Certificate.png	747139
Moonclave KYC Certificate.png	905579
Moonreum KYC Certificate.png	760150
Moonship KYC Certificate.png	549294
Morph AI KYC Certificate.png	929238
MotionDev KYC Certificate.png	907051
Mr Lightspeed Creator Coin KYC Certificate.png	903411
Munch Project KYC Certificate.png	452541
Muskman INU KYC Certificate.png	757048
Myusic AI KYC Certificate.png	908997
NODEQ AI KYC Certificate.png	925975
Naoris Protocol KYC Certificate.png	951679
Neboola KYC Certificate.png	732323
Nebula Finance KYC Certificate.png	742033
Nebula Network KYC Certificate.png	939886
NeoTechAi KYC Certificate.png	952370
Neonsora KYC Certificate.png	940041
NeuraVox KYC Certificate.png	932271
Neurahub KYC Certificate.png	547870
Neuraswap KYC Certificate.png	542679
Nimbi wolfpack KYC Certificate.png	925518
NitroDome KYC Certificate.png	551118
Nodez KYC Certificate.png	951992
Nomoex KYC Certificate.png	450878
NonCustodial KYC Certificate.png	747512
Norexa KYC Certificate.png	925803
Nova AI KYC Certificate 1.png	925282
NovaCore KYC Certificate.png	739234
Numpay KYC Certificate.png	927378
OG Cats KYC Certificate.png	351324
ONYX KYC Certificate.png	913339
Oasis Metaverse KYC Certificate.png	753703
Obscura KYC Certificate.png	933268
Obscurium KYC Certificate.png	543373
Octavia KYC Certificate.png	757998
Odds Notify KYC Certificate.png	956397
Ohplay.Club Casino KYC Certificate.png	515798
OmniGPT KYC Certificate.png	910335
OnBot KYC Certificate.png	730948
OnChainToolKit KYC Certificate.png	554511
OpMentis AI KYC Certificate.png	932806
Open Games Builders KYC Certificate.png	356170
Operation Phoenix KYC Certificate.png	556525
Options Ai KYC Certificate.png	933031
Optrix Finance KYC Certificate.png	924391
OraX KYC Certificate 1.png	929881
Oracle AI KYC Certificate.png	350556
Oracle Wallet KYC Certificate.png	916829
Oshikuru KYC Certificate.png	739925
Our Grim Imperium KYC Certificate.png	359725
Owners Unity KYC Certificate.png	759690
ÓIR KYC Certificate.png	346580
PAYDAX KYC Certificate.png	907337
PINLINK KYC Certificate.png	541343
PIPE GDAO KYC Certificate.png	905123
POLFEX KYC Certificate.png	356239
PadmonDAO KYC Certificate.png	351267
Palladium Network KYC Certificate.png	1214706
PandaBu KYC Certificate.png	928084
Parallel AI KYC Certificate.png	926723
Peezy KYC Certificate.png	927883
Pepe Killer KYC Certificate.png	753949
Pepe Max KYC Certificate.png	746195
Pepe Monsta KYC Certificate.png	758611
Pepe Pizza KYC Certificate.png	748249
Pepe Planet KYC Certificate.png	756925
PepeAIBaby KYC Certificate.png	764891
Photon KYC Certificate.png	544000
Pi Protocol KYC Certificate.png	350908
Pillar Finance KYC Certificate.png	925960
PineappleDex KYC Certificate.png	930639
Pink Floki CEO KYC Certificate.png	759596
Pink Hippo KYC Certificate.png	747175
Pioneers of New World KYC Certificate.png	932945
Platty Ai KYC Certificate.png	547357
PokerPro.ai KYC Certificate.png	511823
Power Play KYC Certificate.png	933890
PredictingAI KYC Certificate.png	552895
Prekog AI KYC Certificate.png	910211
Privix KYC Certificate.png	926828
Produce AI KYC Certificate.png	550422
Project Mullet KYC Certificate.png	511489
PromoX KYC Certificate.png	759339
Prophetbots KYC Certificate.png	733529
Punk Rocks KYC Certificate.png	553601
Pure Fun KYC Certificate.png	901995
Qoodo.io KYC Certificate.png	352695
Qubetics KYC Certificate.png	930588
Quick Intel KYC Certificate.png	550580
Quick Sync KYC Certificate.png	935589
ROAI Scalper KYC Certificate.png	943033
RUN3SCAPE KYC Certificate.png	930276
RaidTech KYC Certificate.png	509775
RatWifHat KYC Certificate.png	288162
Renditus.ai KYC Certificate.png	551298
Reprehendo KYC Certificate.png	741518
Richie Rich KYC Certificate.png	938791
Rifts Finance KYC Certificate.png	904940
Rising Giraffes KYC Certificate.png	352887
Robin Hood KYC Certificate.png	356267
Robotexon KYC Certificate.png	928897
Rockocoin KYC Certificate.png	549808
Rollback KYC Certificate.png	925374
RollerApp KYC Certificate.png	351328
Rouge Studio KYC Certificate.png	932565
RuneVM KYC Certificate.png	451724
Russian Roulette KYC Certificate.png	451332
SAFE AI KYC Certificate.png	547066
SAFU PEPE KYC Certificate.png	760951
SAIGE KYC Certificate.png	903664
SELF KYC Certificate.png	354564
SHARBI KYC Certificate.png	549455
SHILLD KYC Certificate.png	753689
SKYLOS KYC CERTIFICATE.png	745979
SMART AI KYC Certificate.png	549165
SNOOPY KYC Certificate.png	743193
SOLRUNE KYC Certificate.png	548270
SPESBaS KYC Certificate.png	351150
STABLZ KYC Certificate.png	357019
STBL KYC Certificate.png	540749
Safe ZK KYC Certificate.png	740866
SafeMoo KYC Certificate.png	755272
Sapphire Swap KYC Certificate.png	889284
Save The Earth KYC Certificate.png	352303
Scorch KYC Certificate.png	892305
Scorch Token KYC Certificate.png	891466
Scorefam KYC Certificate.png	555056
Scorpion Casino KYC Certificate.png	771304
Seismic CB KYC Certificate.png	767311
Sentra KYC Certificate.png	927337
Sharp AI KYC Certificate.png	930119
ShibaNFT.ai KYC Certificate.png	351629
ShibaPunkz KYC Certificate.png	751787
Shibaments KYC Certificate.png	734037
Shibarium Perpetuals KYC Certificate.png	356675
Shibereum.Ai KYC Certificate.png	351299
Shibillionaire KYC Certificate.png	941089
Silica Utility Token KYC Certificate.png	743700
Smart Chain Ventures KYC Certificate.png	355743
Smart Donna KYC Certificate.png	931480
Smart Hub KYC Certificate.png	951280
Smart Money  KYC Certificate.png	556182
SmartAi Token KYC Certificate.png	352192
SoNoisy KYC Certificate.png	736788
Society of Memes KYC Certificate.png	555028
SolPaw KYC Certificate.png	550171
Solar AI KYC Certificate.png	930998
Solareum KYC Certificate.png	764160
Sorra KYC Certificate.png	927564
Soyjak AI KYC Certificate.png	933814
Sparkclo Network KYC Certificate.png	553860
Sparta KYC Certificate.png	906451
Spredict KYC Certificate.png	930066
Stacker AI KYC Certificate.png	759646
StarWar KYC Certificate.png	350299
SteamboatWillie KYC Certificate.png	553374
StellaryAI KYC Certificate.png	551613
StonedPEPE KYC Certificate.png	761639
Stonkers KYC Certificate.png	740945
StoryFire KYC Certificate.png	551339
Street Racing Simulator KYC Certificate.png	761572
Sunmine KYC Certificate.png	755852
Super COCK KYC Certificate.png	748159
SuperSloth KYC Certificate.png	747089
Superman Coin KYC Certificate.png	751976
Superverse KYC Certificate.png	753514
Swing KYC Certificate.png	551048
Synthetic AI KYC Certificate.png	551823
TDX KYC Certificate.png	930607
TG.Casino KYC Certificate.png	747703
TIGA KYC Certificate.png	924155
TORA KYC Certificate.png	349512
TYRION KYC Certificate.png	752684
TaiNet KYC Certificate.png	543834
TaoTao KYC Certificate.png	735576
TaxSolutions.AI KYC Certificate.png	931298
Tectum KYC Certificate.png	737123
Tekio NFT KYC Certificate.png	732209
Telepad AI KYC Certificate.png	937855
Telepath8 KYC Certificate.png	905152
Tendr KYC Certificate.png	923040
TesterAIKYC Certificate.png	360268
The Army Force KYC Certificate.png	351502
The Clan KYC Certificate.png	750336
The Dare AI KYC Certificate.png	350068
The Depth of the Daimon KYC Certificate.png	553822
The Family KYC Certificate.png	349821
The GameHub KYC Certificate.png	550089
The Krypto Miners Club KYC Certificate.png	360392
The Market Stalker - KYC Certificate.png	218932
The PepeFather KYC Certificate.png	740284
The-ZOO of Cubs KYC Certificate.png	352521
ThorFi KYC Certificate.png	356629
Thravos KYC Certificate.png	929236
Token Events KYC Certificate.png	928264
Tomiwagmi KYC Certificate.png	754307
Toxic KYC Certificate.png	749535
Trading Card Games KYC Certificate.png	764875
TriviAgent KYC Certificate.png	906716
Trump KYC Certificate.png	734500
Trust Launchpad KYC Certificate.png	548790
TrustBet On-Chain KYC Certificate.png	729860
Tucker Coin KYC Certificate.png	761032
TurboSwap KYC Certificate.png	352132
Tweet.Money KYC Certificate.png	931965
Twenty 4 Seven KYC Certificate.png	745392
UXOS AI KYC Certificate.png	932332
Uniforge KYC Certificate.png	347940
UniswapEthereumVitalik.eth KYC Certificate.png	767970
Univerz DAO KYC Certificate.png	757450
UpScalp KYC Certificate.png	896233
V8COIN KYC Certificate.png	928397
VEOI3 KYC Certificate.png	924050
VIBE AI KYC Certificate.png	922131
VOX AI KYC Certificate.png	931447
VULTR KYC Certificate.png	903933
Vanitis KYC Certificate.png	911931
Venom KYC Certificate.png	349196
ViFoxCoin KYC Certificate.png	908439
Virtue Finance KYC Certificate.png	922728
Volt KYC Certificate.png	447768
Vortex Exchange KYC Certificate.png	943832
WISETOOLS KYC Certificate.png	1104496
Web3Cantina KYC Certificate.png	556561
Website AI KYC Certificate.png	734754
WenSer? KYC Certificate.png	754413
WenisCoin KYC Certificate.png	554154
Wicked Bet KYC Certificate.png	357995
Winbit Casino KYC Certificate.png	554856
Winks.fun KYC Certificate.png	931245
WixCare KYC Certificate.png	743369
Wojak Original KYC Certificate.png	763875
Wooooo Coin KYC Certificate.png	555900
World Challenge Game KYC Certificate.png	354911
Wrapped Platform KYC Certificate.png	756151
XRPea KYC Certificate.png	548139
Xeon Protocol KYC Certificate.png	454489
Xero AI KYC Certificate.png	550215
YieldBricks KYC Certificate.png	932713
ZKGPT KYC Certificate.png	924870
ZODOR KYC Certificate.png	936116
ZeldaInu KYC Certificate.png	735387
Zenith Wallet KYC Certificate.png	358628
ZetherNetwork KYC Certificate.png	452792
dMarketplace Inc KYC Certificate.png	931267
deHedge.Fund KYC Certificate.png	352286
loudbeats KYC Certificate.png	743212
mQsala KYC Certificate.png	925639
nocap.win KYC Certificate.png	933630
ordinex KYC Certificate.png	350194
pepeX KYC Certificate.png	754775
skAInet404 KYC Certificate.png	550901
yoGeek KYC Certificate.png	350863
zkSwap KYC Certificate.png	758950
